"Display Name","ID","VdName"
"DoubleDeuce","699811616790937670","DoubleDeuce"
"eedok","264255335118667776","eedok"
"Xaero","780277497123700739","XaeroFPV"
"kiz","193720155497299968","kiz"
"lounds","821571526549438515","Lounds"
"Rowdy Rotor","1272982261263765640","RowdyRotor"
"DeMic","408491041004584970","DeMic"
"ApeX","657523378944606252","ApeX 8==D"
"MrMan","497540960155205643","MrMan"
"kreyzee FPV","906636638489280573","kreyzee"
"Gracana","879523487012782102","Gracana"
"Derpy Hooves","638294146418868234","Derpy Hooves"
"HydeFPV","768983191200989225","Hyde"
"Silkjam","842381583679619082","SilkJamFPV"
"mgescapades","438051782229360642","MGescapades"
"Not Sure","857814941838344203","Not Sure"
"SpookyV9","661039289139724307","SpookyV9"
"MartinWithDroneBuzz","796451494178193458","FPVMartin"
"RoflCopter","781363749436915762","RoflCopter!"
"MrE","146080928060538880",".MrE."
"Treeseeker","634951176395423754","k1tig"
"Pweeen","116662853611683847","Pweeen"
"CAVEMAN","821866288678305882","CAVEMAN_"
"Zikefire","236952166668042242","Zikefire"
"Taco_Rama","210842286785822723","Taco_Rama"
"Wormhole","736673014149546034","Wormhole FPV"
"Madness661","255189322716676097","Madness661"
"boondockstryker","816933930070310912","boondockstryker"
"BallHawkG","996401677433323621","BallHawk"
"Sillybutter","902006367185940530","Sillybutter"
"Jon E5","413363832736710656","jon E5"
"chaus","whoops","MrChaus"
"Kuzyatron","470258147500490753","Kuzyatron"
"2x Mayanüê¶ + Lizü¶é","401443721910157315","Mayan_Hawk"
"captaincrowfpv","whoops","Captain Crow"
"188Stretch","535608894639177750","188Stretch"
"-BumblebeeFPV-","405887636088291328","-BumblebeeFPV-"
"asiy","409354305443725312","asiy"
"CharlitoFPV","1253161681631318077","Charlito"
"Not TeddyTuned","247209085118840833","TeddyTuned"
"TWEECH","989227832704122960","TWEECH"
"Vici0us","yes","Vici0us"
"Dreadpool","607701331473465382","DreadPool"
"Hugh GeLLin","301180399873425408","uGeLLin"
